brand,modello,tipo,colore,materiale,stagione,nota
Nike,Court Advantage Polo,maglia,bianco,poly,estate,pro player
Nike,Court Advantage Tee,maglia,nero,poly,estate,traspirante
Nike,Heritage Hoodie,felpa,grigio,cotone,inverno,caldo
Nike,Heritage Fleece,felpa,blu,cotone,inverno,morbida
Nike,Air Jacket,giacca,nero,nylon,mezza stagione,antivento
Nike,Court Shorts,pantaloncino,bianco,poly,estate,leggero
Nike,Flex Ace Shorts,pantaloncino,blu,poly,estate,pro player
Nike,Victory Polo,maglia,rosso,poly,estate,traspirante
Nike,Victory Tee,maglia,verde,poly,estate,leggero
Nike,Shield Jacket,giacca,grigio,nylon,inverno,impermeabile

Adidas,Club 3-Stripes Tee,maglia,blu,poly,estate,traspirante
Adidas,Club Tee,maglia,bianco,poly,estate,leggero
Adidas,Club Shorts,pantaloncino,nero,poly,estate,leggero
Adidas,Own The Run Jacket,giacca,nero,nylon,mezza stagione,antivento
Adidas,Own The Run Hoodie,felpa,grigio,cotone,inverno,caldo
Adidas,Adizero Tee,maglia,rosso,poly,estate,pro player
Adidas,Adizero Shorts,pantaloncino,bianco,poly,estate,leggero
Adidas,Heat Ready Tee,maglia,verde,poly,estate,traspirante
Adidas,Heat Ready Shorts,pantaloncino,blu,poly,estate,leggero
Adidas,Club Jacket,giacca,bianco,nylon,mezza stagione,antivento

Asics,Match Graphic Tee,maglia,rosso,poly,estate,pro player
Asics,Match Tee,maglia,blu,poly,estate,traspirante
Asics,Court Shorts,pantaloncino,bianco,poly,estate,leggero
Asics,Winter Jacket,giacca,nero,nylon,inverno,caldo
Asics,Winter Hoodie,felpa,grigio,cotone,inverno,morbida
Asics,Club Tee,maglia,verde,poly,estate,leggero
Asics,Club Shorts,pantaloncino,blu,poly,estate,leggero
Asics,Performance Tee,maglia,bianco,poly,estate,traspirante
Asics,Performance Shorts,pantaloncino,nero,poly,estate,pro player
Asics,Light Jacket,giacca,rosso,nylon,mezza stagione,antivento

Babolat,Play Crew Neck,maglia,bianco,poly,estate,traspirante
Babolat,Play Tee,maglia,blu,poly,estate,leggero
Babolat,Play Shorts,pantaloncino,nero,poly,estate,leggero
Babolat,Exercise Hoodie,felpa,grigio,cotone,inverno,morbida
Babolat,Exercise Jacket,giacca,blu,nylon,mezza stagione,antivento
Babolat,Pro Tee,maglia,rosso,poly,estate,pro player
Babolat,Pro Shorts,pantaloncino,bianco,poly,estate,leggero
Babolat,Team Tee,maglia,verde,poly,estate,traspirante
Babolat,Team Shorts,pantaloncino,blu,poly,estate,leggero
Babolat,Winter Jacket,giacca,nero,nylon,inverno,caldo

Head,Performance Tee,maglia,nero,poly,estate,pro player
Head,Performance Polo,maglia,bianco,poly,estate,traspirante
Head,Club Shorts,pantaloncino,blu,poly,estate,leggero
Head,Club Jacket,giacca,blu,nylon,mezza stagione,antivento
Head,Club Hoodie,felpa,grigio,cotone,inverno,caldo
Head,Motion Tee,maglia,rosso,poly,estate,leggero
Head,Motion Shorts,pantaloncino,bianco,poly,estate,leggero
Head,Training Tee,maglia,verde,poly,estate,traspirante
Head,Training Shorts,pantaloncino,nero,poly,estate,leggero
Head,Winter Jacket,giacca,nero,nylon,inverno,caldo

Yonex,Team Crew Neck,maglia,azzurro,poly,estate,traspirante
Yonex,Team Tee,maglia,bianco,poly,estate,leggero
Yonex,Team Shorts,pantaloncino,nero,poly,estate,leggero
Yonex,Pro Warm Jacket,giacca,verde,nylon,inverno,caldo
Yonex,Pro Hoodie,felpa,grigio,cotone,inverno,morbida
Yonex,Pro Tee,maglia,rosso,poly,estate,pro player
Yonex,Pro Shorts,pantaloncino,blu,poly,estate,leggero
Yonex,Light Tee,maglia,verde,poly,estate,traspirante
Yonex,Light Shorts,pantaloncino,bianco,poly,estate,leggero
Yonex,Wind Jacket,giacca,blu,nylon,mezza stagione,antivento

Lotto,Top Ten Tee,maglia,bianco,poly,estate,pro player
Lotto,Top Ten Shorts,pantaloncino,blu,poly,estate,leggero
Lotto,Smart Tee,maglia,nero,poly,estate,traspirante
Lotto,Smart Shorts,pantaloncino,rosso,poly,estate,leggero
Lotto,Winter Hoodie,felpa,grigio,cotone,inverno,morbida
Lotto,Winter Jacket,giacca,nero,nylon,inverno,caldo
Lotto,Club Tee,maglia,verde,poly,estate,leggero
Lotto,Club Shorts,pantaloncino,bianco,poly,estate,leggero
Lotto,Training Tee,maglia,blu,poly,estate,traspirante
Lotto,Training Shorts,pantaloncino,nero,poly,estate,leggero
